        {
            "name" : "components-react",
            "type" : "folder",
            "items": [
                {
                    "name":"index.html",
                    "type":"file"
                },
                {
                    "name":"package.json",
                    "type":"file"
                }
                ,
                {
                    "name":"package-lock.json",
                    "type":"file"
                },       
           {
            "name" : "src",
            "type" : "folder",
            "items": [
                { 
                 "name" : "App.js",
                 "type" : "file"    
                },
                {
                "name" : "index.js",
                "type" : "file"       
                }
            ]
        }
     ]
    }